kappa_lo,kappa_hi,alpha_lb,alpha_ub,q_lb,q_ub,source
0.130000,0.130500,0.703991722360963,0.707432531510111,0.57970184821317,0.589779687066391,
