{
 "kappa": 0.75,
 "alpha": 0.347893531327568,
 "q0": 0.6706266019401368,
 "psi0": 5.076603586557257,
 "anchor_S10": 3.186340080674199e-14,
 "s_min": 0.5739106146587911,
 "s_pred": 0.5739106185285852,
 "hessian": [
  [
   -0.1977607211323118,
   -0.12241352104203074
  ],
  [
   -0.12241352104203074,
   -0.08212114999128772
  ]
 ],
 "hess_eigs": [
  -0.27532260986570134,
  -0.004559261257898142
 ],
 "clearance": 0.015746170909328394,
 "clearance_theta": 5.445427266222308,
 "offcenter_max": -0.0016726946745410087,
 "offcenter_at": [
  1.6000000000000014,
  -0.7999999999999998
 ],
 "ray_max": -0.021076723082917193,
 "grid_L": 8.0,
 "grid_n": 41
}