{
 "kappa": -0.05,
 "alpha": 0.8894089709449193,
 "q0": 0.5556877326438336,
 "psi0": 2.454655030896934,
 "anchor_S10": 2.042810365310288e-14,
 "s_min": 0.6665675154416766,
 "s_pred": 0.6665675264788755,
 "hessian": [
  [
   -0.15390726992858816,
   -0.0994547428995185
  ],
  [
   -0.0994547428995185,
   -0.07057902162710405
  ]
 ],
 "hess_eigs": [
  -0.2200723863689667,
  -0.004413905186725506
 ],
 "clearance": 0.017829564333236514,
 "clearance_theta": 5.45415391248228,
 "offcenter_max": -0.0016145831512295317,
 "offcenter_at": [
  1.6000000000000014,
  -0.7999999999999998
 ],
 "ray_max": -0.02426376621429277,
 "grid_L": 8.0,
 "grid_n": 41
}