{
 "kappa": 0.5,
 "alpha": 0.45566456454243665,
 "q0": 0.6384133319958416,
 "psi0": 4.083228087494814,
 "anchor_S10": 2.808864252301646e-14,
 "s_min": 0.6013207603268765,
 "s_pred": 0.6013207696430902,
 "hessian": [
  [
   -0.1859096968592766,
   -0.11623643554614649
  ],
  [
   -0.11623643554614649,
   -0.07912745603189109
  ]
 ],
 "hess_eigs": [
  -0.2604307364910733,
  -0.004606416400094397
 ],
 "clearance": 0.016558190499575964,
 "clearance_theta": 5.445427266222308,
 "offcenter_max": -0.00377858621578675,
 "offcenter_at": [
  2.0,
  -1.1999999999999993
 ],
 "n_unbounded": 906,
 "n_nan": 0,
 "ray_max": -0.022145049980511478,
 "grid_L": 8.0,
 "grid_n": 41
}