{
 "kappa": 1.0,
 "alpha": 0.27070009229346165,
 "q0": 0.6998846263062158,
 "psi0": 6.271733189632435,
 "anchor_S10": 3.6193270602780103e-14,
 "s_min": 0.547827865561167,
 "s_pred": 0.5478278686720712,
 "hessian": [
  [
   -0.20759362689970473,
   -0.1274959993552427
  ],
  [
   -0.1274959993552427,
   -0.08447090016350245
  ]
 ],
 "hess_eigs": [
  -0.287612739979917,
  -0.004451787083290172
 ],
 "clearance": 0.014868923062470008,
 "clearance_theta": 5.445427266222308,
 "offcenter_max": -0.0016462368472712208,
 "offcenter_at": [
  1.6000000000000014,
  -0.7999999999999998
 ],
 "ray_max": -0.019989933549302175,
 "grid_L": 8.0,
 "grid_n": 41
}