{
 "kappa": -0.25,
 "alpha": 1.1671399442326345,
 "q0": 0.5210119137151132,
 "psi0": 2.0117500763144682,
 "anchor_S10": 1.8318679906315083e-14,
 "s_min": 0.6920896600243341,
 "s_pred": 0.6920896519128766,
 "hessian": [
  [
   -0.14090717642689654,
   -0.09263274369786245
  ],
  [
   -0.09263274369786245,
   -0.06698909793545482
  ]
 ],
 "hess_eigs": [
  -0.20368176133552301,
  -0.004214513026828362
 ],
 "clearance": 0.017993448490020214,
 "clearance_theta": 5.45415391248228,
 "offcenter_max": -0.00336793183099926,
 "offcenter_at": [
  2.0,
  -1.1999999999999993
 ],
 "n_unbounded": 720,
 "n_nan": 0,
 "ray_max": -0.02486716004131634,
 "grid_L": 8.0,
 "grid_n": 41
}