{
 "kappa": -2.0,
 "alpha": 29.992083209315215,
 "q0": 0.11863384700712805,
 "psi0": 0.15152170264166986,
 "anchor_S10": 2.9976021664879227e-15,
 "s_min": 0.9388110222697694,
 "s_pred": 0.9388110315675204,
 "hessian": [
  [
   -0.044828960987786104,
   -0.04023827462895646
  ],
  [
   -0.04023827462895646,
   -0.03660169523023171
  ]
 ],
 "hess_eigs": [
  -0.08116332831392235,
  -0.0002673279040954629
 ],
 "clearance": 0.005773619839379735,
 "clearance_theta": 5.480333851262195,
 "offcenter_max": -0.00047549350068543106,
 "offcenter_at": [
  2.0,
  -1.1999999999999993
 ],
 "n_unbounded": 0,
 "n_nan": 0,
 "ray_max": -0.011787223674120884,
 "grid_L": 8.0,
 "grid_n": 41
}