{
 "kappa": 0.13,
 "alpha": 0.7059325315101113,
 "q0": 0.5847018482132796,
 "psi0": 2.915246412522431,
 "anchor_S10": 2.2426505097428162e-14,
 "s_min": 0.6444363190340238,
 "s_pred": 0.644436305453627,
 "hessian": [
  [
   -0.16512043143901423,
   -0.10534158378927572
  ],
  [
   -0.10534158378927572,
   -0.0736297530723462
  ]
 ],
 "hess_eigs": [
  -0.23422057685229494,
  -0.004529607659065495
 ],
 "clearance": 0.017537106887644927,
 "clearance_theta": 5.45415391248228,
 "offcenter_max": -0.003648470511774471,
 "offcenter_at": [
  2.0,
  -1.1999999999999993
 ],
 "n_unbounded": 864,
 "n_nan": 0,
 "ray_max": -0.02362579145867777,
 "grid_L": 8.0,
 "grid_n": 41
}