{
 "kappa": -0.075,
 "alpha": 0.9193262169764276,
 "q0": 0.5514972701496696,
 "psi0": 2.395521476809546,
 "anchor_S10": 2.0483614804334138e-14,
 "s_min": 0.6697034799785081,
 "s_pred": 0.6697034641170153,
 "hessian": [
  [
   -0.15230791294840174,
   -0.09861511165998316
  ],
  [
   -0.09861511165998316,
   -0.0701401713376626
  ]
 ],
 "hess_eigs": [
  -0.21805486488657957,
  -0.0043932193994847615
 ],
 "clearance": 0.017860886497486628,
 "clearance_theta": 5.45415391248228,
 "offcenter_max": -0.003517681387983307,
 "offcenter_at": [
  2.0,
  -1.1999999999999993
 ],
 "n_unbounded": 824,
 "n_nan": 0,
 "ray_max": -0.024346099328000026,
 "grid_L": 8.0,
 "grid_n": 41
}