{
 "kappa": -1.5,
 "alpha": 9.829058488476562,
 "q0": 0.2399588492609574,
 "psi0": 0.4035362247744148,
 "anchor_S10": 5.88418203051333e-15,
 "s_min": 0.8718034204204167,
 "s_pred": 0.8718033899561544,
 "hessian": [
  [
   -0.06620132464441042,
   -0.05348093767842954
  ],
  [
   -0.05348093767842954,
   -0.04533077613277925
  ]
 ],
 "hess_eigs": [
  -0.11025555069606831,
  -0.0012765500811213575
 ],
 "clearance": 0.011885066302756257,
 "clearance_theta": 5.471607205002223,
 "offcenter_max": -0.0012210241984230708,
 "offcenter_at": [
  2.0,
  -1.1999999999999993
 ],
 "n_unbounded": 0,
 "n_nan": 0,
 "ray_max": -0.020477168716051874,
 "grid_L": 8.0,
 "grid_n": 41
}