{
 "kappa": -1.0,
 "alpha": 3.794628291219359,
 "q0": 0.3651941347353289,
 "psi0": 0.8512734181388665,
 "anchor_S10": 1.021405182655144e-14,
 "s_min": 0.7967470569613028,
 "s_pred": 0.7967470522472431,
 "hessian": [
  [
   -0.09258925687261055,
   -0.0674230723890501
  ],
  [
   -0.0674230723890501,
   -0.05330037350370631
  ]
 ],
 "hess_eigs": [
  -0.1431714111434867,
  -0.002718219232830152
 ],
 "clearance": 0.016209970431257714,
 "clearance_theta": 5.462880558742252,
 "offcenter_max": -0.0011233897903789591,
 "offcenter_at": [
  1.6000000000000014,
  -0.7999999999999998
 ],
 "ray_max": -0.024936879844816073,
 "grid_L": 8.0,
 "grid_n": 41
}