{
 "kappa": 0.0,
 "alpha": 0.8330785997395792,
 "q0": 0.5639490800845617,
 "psi0": 2.5763513190756746,
 "anchor_S10": 2.120525977034049e-14,
 "s_min": 0.6603415029821735,
 "s_pred": 0.6603415176372286,
 "hessian": [
  [
   -0.15707809919440763,
   -0.10111947504332086
  ],
  [
   -0.10111947504332086,
   -0.07144648278556431
  ]
 ],
 "hess_eigs": [
  -0.22407277166116146,
  -0.004451810318810458
 ],
 "clearance": 0.017760852665549054,
 "clearance_theta": 5.45415391248228,
 "offcenter_max": -0.003570875859285727,
 "offcenter_at": [
  2.0,
  -1.1999999999999993
 ],
 "n_unbounded": 841,
 "n_nan": 0,
 "ray_max": -0.02409410277779034,
 "grid_L": 8.0,
 "grid_n": 41
}