{
 "kappa": 0.05,
 "alpha": 0.7810743282532177,
 "q0": 0.5720535360129931,
 "psi0": 2.7027592690591677,
 "anchor_S10": 2.248201624865942e-14,
 "s_min": 0.6541761920295374,
 "s_pred": 0.6541761719804589,
 "hessian": [
  [
   -0.16020805476690825,
   -0.1027627731242653
  ],
  [
   -0.1027627731242653,
   -0.07229919485318703
  ]
 ],
 "hess_eigs": [
  -0.22802204366359402,
  -0.004485205956501245
 ],
 "clearance": 0.01768267241247845,
 "clearance_theta": 5.45415391248228,
 "offcenter_max": -0.001636916323232207,
 "offcenter_at": [
  1.6000000000000014,
  -0.7999999999999998
 ],
 "ray_max": -0.023918314917788064,
 "grid_L": 8.0,
 "grid_n": 41
}