{
 "kappa": 0.075,
 "alpha": 0.7565743982054611,
 "q0": 0.5760478748190156,
 "psi0": 2.767783911391069,
 "anchor_S10": 2.225997164373439e-14,
 "s_min": 0.6511160718876291,
 "s_pred": 0.651116061221795,
 "hessian": [
  [
   -0.16175636663451343,
   -0.1035756377054664
  ],
  [
   -0.1035756377054664,
   -0.07271962459975967
  ]
 ],
 "hess_eigs": [
  -0.22997573590021503,
  -0.0045002553340580745
 ],
 "clearance": 0.01763980101825613,
 "clearance_theta": 5.45415391248228,
 "offcenter_max": -0.0036178410039905406,
 "offcenter_at": [
  2.0,
  -1.1999999999999993
 ],
 "n_unbounded": 855,
 "n_nan": 0,
 "ray_max": -0.02382831344974523,
 "grid_L": 8.0,
 "grid_n": 41
}