{
 "kappa": 1.5,
 "alpha": 0.17244658490219628,
 "q0": 0.7504936065715485,
 "psi0": 9.422312670347775,
 "anchor_S10": 4.4353409833775004e-14,
 "s_min": 0.49950615073617377,
 "s_pred": 0.4995061495401748,
 "hessian": [
  [
   -0.22100550250980788,
   -0.13425605111666572
  ],
  [
   -0.13425605111666572,
   -0.0872196957435456
  ]
 ],
 "hess_eigs": [
  -0.30411042505914043,
  -0.0041147731942130505
 ],
 "clearance": 0.013049297661783754,
 "clearance_theta": 5.445427266222308,
 "offcenter_max": -0.00365023502769668,
 "offcenter_at": [
  2.0,
  -1.1999999999999993
 ],
 "n_unbounded": 964,
 "n_nan": 0,
 "ray_max": -0.01784094706108086,
 "grid_L": 8.0,
 "grid_n": 41
}