{
 "kappa": 0.25,
 "alpha": 0.6092595656912763,
 "q0": 0.6029620601663375,
 "psi0": 3.2590664381726415,
 "anchor_S10": 2.4646951146678475e-14,
 "s_min": 0.6301094540870121,
 "s_pred": 0.6301094665482042,
 "hessian": [
  [
   -0.17223735149229924,
   -0.10907592251641063
  ],
  [
   -0.10907592251641063,
   -0.07553858094588861
  ]
 ],
 "hess_eigs": [
  -0.24319940711686727,
  -0.004576525321320593
 ],
 "clearance": 0.01726227058158425,
 "clearance_theta": 5.445427266222308,
 "offcenter_max": -0.0037046333002697107,
 "offcenter_at": [
  2.0,
  -1.1999999999999993
 ],
 "n_unbounded": 883,
 "n_nan": 0,
 "ray_max": -0.023165179582366024,
 "grid_L": 8.0,
 "grid_n": 41
}