{
 "kappa": -0.1,
 "alpha": 0.9504863141725595,
 "q0": 0.547266435376827,
 "psi0": 2.337503892219342,
 "anchor_S10": 1.9872992140790302e-14,
 "s_min": 0.6728547929435158,
 "s_pred": 0.6728547871741517,
 "hessian": [
  [
   -0.1507000230716038,
   -0.09777106335651098
  ],
  [
   -0.09777106335651098,
   -0.06969813315382822
  ]
 ],
 "hess_eigs": [
  -0.21602680308318742,
  -0.004371353142244586
 ],
 "clearance": 0.01788823614085222,
 "clearance_theta": 5.45415391248228,
 "offcenter_max": -0.001601496990869311,
 "offcenter_at": [
  1.6000000000000014,
  -0.7999999999999998
 ],
 "ray_max": -0.02442665167107322,
 "grid_L": 8.0,
 "grid_n": 41
}