{
 "kappa": -0.5,
 "alpha": 1.67884111291698,
 "q0": 0.4737691795115375,
 "psi0": 1.54595836120753,
 "anchor_S10": 1.554312234475219e-14,
 "s_min": 0.7254177063328984,
 "s_pred": 0.7254176869145544,
 "hessian": [
  [
   -0.1243230549063945,
   -0.08394826528368426
  ],
  [
   -0.08394826528368426,
   -0.06234581673147943
  ]
 ],
 "hess_eigs": [
  -0.18281966229284924,
  -0.0038492093450247164
 ],
 "clearance": 0.01789720966653849,
 "clearance_theta": 5.45415391248228,
 "offcenter_max": -0.0030869271050908975,
 "offcenter_at": [
  2.0,
  -1.1999999999999993
 ],
 "n_unbounded": 0,
 "n_nan": 0,
 "ray_max": -0.02538420670259034,
 "grid_L": 8.0,
 "grid_n": 41
}