{
 "kappa": -0.75,
 "alpha": 2.4850097631417456,
 "q0": 0.42188066741260816,
 "psi0": 1.1632851675311697,
 "anchor_S10": 1.2989609388114332e-14,
 "s_min": 0.7603415920537344,
 "s_pred": 0.7603415894105701,
 "hessian": [
  [
   -0.10799851940523908,
   -0.07543277831534301
  ],
  [
   -0.07543277831534301,
   -0.057719957091695306
  ]
 ],
 "hess_eigs": [
  -0.1623707940215176,
  -0.003347682475416773
 ],
 "clearance": 0.017388123144446987,
 "clearance_theta": 5.45415391248228,
 "offcenter_max": -0.0013023470185988262,
 "offcenter_at": [
  1.6000000000000014,
  -0.7999999999999998
 ],
 "ray_max": -0.02548814662627874,
 "grid_L": 8.0,
 "grid_n": 41
}